v19 = *( _OWORD *)&v4[v17 + 17]; 
*( _OWORD *)( v17 + 6417041) = *( _OWORD *)&v4[v17 + 1]; 
*( _OWORD *)( v17 + 6417041) = *( _OWORD *)&v4[v17 + 1]; 
*( _OWORD *)( v17 + 6417057) = v19; 
v20 = *( _OWORD *)&v4[v17 + 49]; 
*( _OWORD *)( v17 + 6417073) = *( _OWORD *)&v4[v17 + 33]; 
*( _OWORD *)( v17 + 6417073) = *( _OWORD *)&v4[v17 + 33]; 
*( _OWORD *)( v17 + 6417089) = v20; 
v21 = *( _OWORD *)&v4[v17 + 81]; 
*( _OWORD *)( v17 + 6417105) = *( _OWORD *)&v4[v17 + 65]; 
*( _OWORD *)( v17 + 6417105) = *( _OWORD *)&v4[v17 + 65]; 
*( _OWORD *)( v17 + 6417121) = v21; 
v22 = *( _OWORD *)&v4[v17 + 113]; 
*( _OWORD *)( v17 + 6417137) = *( _OWORD *)&v4[v17 + 97]; 
*( _OWORD *)( v17 + 6417137) = *( _OWORD *)&v4[v17 + 97]; 
*( _OWORD *)( v17 + 6417153) = v22; 
v25 = *( _OWORD *)&v4[( v17 | 1) + 16]; 
*( _OWORD *)&tmpName[v24] = *( _OWORD *)&v4[v17 | 1]; 
*( _OWORD *)&tmpName[v24] = *( _OWORD *)&v4[v17 | 1]; 
*( _OWORD *)( v24 + 6417056) = v25; 
v289[0] = xmmword_418800; 
v289[1] = xmmword_418810; 
v289[2] = xmmword_418820; 
v289[3] = xmmword_418830; 
v289[4] = xmmword_418840; 
v289[5] = xmmword_418850; 
v289[6] = xmmword_418860; 
v289[7] = xmmword_418870; 
v289[8] = xmmword_418880; 
v289[9] = xmmword_418890; 
v289[10] = xmmword_4188A0; 
v289[11] = xmmword_4188B0; 
v289[12] = xmmword_4188C0; 
v289[13] = xmmword_4188D0; 
v289[14] = xmmword_4188E0; 
v289[15] = xmmword_4188F0; 
v289[16] = xmmword_418900; 
v289[17] = xmmword_418910; 
v289[18] = xmmword_418920; 
v289[19] = xmmword_418930; 
v289[20] = xmmword_418940; 
v289[21] = xmmword_418950; 
v289[22] = xmmword_418960; 
v289[23] = xmmword_418970; 
v289[24] = xmmword_418980; 
v289[25] = xmmword_418990; 
v289[26] = xmmword_4189A0; 
v289[27] = xmmword_4189B0; 
v289[28] = xmmword_4189C0; 
v289[29] = xmmword_4189D0; 
v289[30] = xmmword_4189E0; 
v289[31] = xmmword_4189F0; 
v289[32] = xmmword_418A00; 
v289[33] = xmmword_418A10; 
v289[34] = xmmword_418A20; 
v289[35] = xmmword_418A30; 
v289[36] = xmmword_418A40; 
v289[37] = xmmword_418A50; 
v289[38] = xmmword_418A60; 
v289[39] = xmmword_418A70; 
v289[40] = xmmword_418A80; 
v289[41] = xmmword_418A90; 
v289[42] = xmmword_418AA0; 
v289[43] = xmmword_418AB0; 
v289[44] = xmmword_418AC0; 
v289[45] = xmmword_418AD0; 
v289[46] = xmmword_418AE0; 
v289[47] = xmmword_418AF0; 
v289[48] = xmmword_418B00; 
v289[49] = xmmword_418B10; 
v289[50] = xmmword_418B20; 
v289[51] = xmmword_418B30; 
v289[52] = xmmword_418B40; 
v289[53] = xmmword_418B50; 
v289[54] = xmmword_418B60; 
v289[55] = xmmword_418B70; 
v289[56] = xmmword_418B80; 
v289[57] = xmmword_418B90; 
v289[58] = xmmword_418BA0; 
v289[59] = xmmword_418BB0; 
v289[60] = xmmword_418BC0; 
v289[61] = xmmword_418BD0; 
v289[62] = xmmword_418BE0; 
v289[63] = xmmword_418BF0; 
v166 = *( _OWORD *)&v162[v165 - 12]; 
v167 = *( _OWORD *)&v162[v165 - 8]; 
v168 = *( _OWORD *)&v163[v165 - 8]; 
*( _OWORD *)&v162[v165 - 12] = *( _OWORD *)&v163[v165 - 12]; 
*( _OWORD *)&v162[v165 - 12] = *( _OWORD *)&v163[v165 - 12]; 
*( _OWORD *)&v162[v165 - 8] = v168; 
*( _OWORD *)&v163[v165 - 12] = v166; 
*( _OWORD *)&v163[v165 - 8] = v167; 
v169 = *( _OWORD *)&v162[v165 - 4]; 
v170 = *( _OWORD *)&v162[v165]; 
v171 = *( _OWORD *)&v163[v165]; 
*( _OWORD *)&v162[v165 - 4] = *( _OWORD *)&v163[v165 - 4]; 
*( _OWORD *)&v162[v165 - 4] = *( _OWORD *)&v163[v165 - 4]; 
*( _OWORD *)&v162[v165] = v171; 
*( _OWORD *)&v163[v165 - 4] = v169; 
*( _OWORD *)&v163[v165] = v170; 
v174 = *( _OWORD *)&ptr[v172]; 
v175 = *( _OWORD *)&ptr[v172 + 4]; 
v176 = *( _OWORD *)&ptr[v173 + 5]; 
*( _OWORD *)&ptr[v172] = *( _OWORD *)&ptr[v173 + 1]; 
*( _OWORD *)&ptr[v172] = *( _OWORD *)&ptr[v173 + 1]; 
*( _OWORD *)&ptr[v172 + 4] = v176; 
*( _OWORD *)&ptr[v173 + 1] = v174; 
*( _OWORD *)&ptr[v173 + 5] = v175; 
v138 = *( _OWORD *)&v134[v137 - 12]; 
v139 = *( _OWORD *)&v134[v137 - 8]; 
v140 = *( _OWORD *)&v135[v137 - 8]; 
*( _OWORD *)&v134[v137 - 12] = *( _OWORD *)&v135[v137 - 12]; 
*( _OWORD *)&v134[v137 - 12] = *( _OWORD *)&v135[v137 - 12]; 
*( _OWORD *)&v134[v137 - 8] = v140; 
*( _OWORD *)&v135[v137 - 12] = v138; 
*( _OWORD *)&v135[v137 - 8] = v139; 
v141 = *( _OWORD *)&v134[v137 - 4]; 
v142 = *( _OWORD *)&v134[v137]; 
v143 = *( _OWORD *)&v135[v137]; 
*( _OWORD *)&v134[v137 - 4] = *( _OWORD *)&v135[v137 - 4]; 
*( _OWORD *)&v134[v137 - 4] = *( _OWORD *)&v135[v137 - 4]; 
*( _OWORD *)&v134[v137] = v143; 
*( _OWORD *)&v135[v137 - 4] = v141; 
*( _OWORD *)&v135[v137] = v142; 
v146 = *( _OWORD *)&ptr[v144]; 
v147 = *( _OWORD *)&ptr[v144 + 4]; 
v148 = *( _OWORD *)&ptr[v145 + 4]; 
*( _OWORD *)&ptr[v144] = *( _OWORD *)&ptr[v145]; 
*( _OWORD *)&ptr[v144] = *( _OWORD *)&ptr[v145]; 
*( _OWORD *)&ptr[v144 + 4] = v148; 
*( _OWORD *)&ptr[v145] = v146; 
*( _OWORD *)&ptr[v145 + 4] = v147; 
v201 = dword_418D4C[v200]; 
si128 = _mm_load_si128( ( const __m128i *)&xmmword_41B150); 
v60 = _mm_load_si128( ( const __m128i *)&xmmword_41B160); 
v61 = _mm_load_si128( ( const __m128i *)&xmmword_41B170); 
v62 = _mm_load_si128( ( const __m128i *)&xmmword_41B180); 
v63 = _mm_load_si128( ( const __m128i *)&xmmword_41B190); 
v64 = _mm_load_si128( ( const __m128i *)&xmmword_41B1A0); 
v65 = _mm_load_si128( ( const __m128i *)&xmmword_41B1B0); 
v66 = _mm_load_si128( ( const __m128i *)&xmmword_41B1C0); 
v67 = _mm_load_si128( ( const __m128i *)&xmmword_41B1D0); 
si128 = _mm_load_si128( ( const __m128i *)&xmmword_41B150); 
v70 = _mm_load_si128( ( const __m128i *)&xmmword_41B160); 
v71 = _mm_load_si128( ( const __m128i *)&xmmword_41B170); 
*( _OWORD *)&s->save_gBase = 0LL; 
*( _OWORD *)&s->save_gMinlen = 0LL; 
*( _OWORD *)&s->save_zn = 0LL; 
*( _OWORD *)&s->save_es = 0LL; 
*( _OWORD *)&s->save_groupPos = 0LL; 
*( _OWORD *)&s->save_nGroups = 0LL; 
*( _OWORD *)&s->save_i = 0LL; 
*( _OWORD *)&s->inUse[240] = 0LL; 
*( _OWORD *)&s->inUse[224] = 0LL; 
*( _OWORD *)&s->inUse[208] = 0LL; 
*( _OWORD *)&s->inUse[192] = 0LL; 
*( _OWORD *)&s->inUse[176] = 0LL; 
*( _OWORD *)&s->inUse[160] = 0LL; 
*( _OWORD *)&s->inUse[144] = 0LL; 
*( _OWORD *)&s->inUse[128] = 0LL; 
*( _OWORD *)&s->inUse[112] = 0LL; 
*( _OWORD *)&s->inUse[96] = 0LL; 
*( _OWORD *)&s->inUse[80] = 0LL; 
*( _OWORD *)&s->inUse[64] = 0LL; 
*( _OWORD *)&s->inUse[48] = 0LL; 
*( _OWORD *)&s->inUse[32] = 0LL; 
*( _OWORD *)&s->inUse[16] = 0LL; 
*( _OWORD *)s->inUse = 0LL; 
si128 = _mm_load_si128( ( const __m128i *)&xmmword_41B150); 
v317 = _mm_load_si128( ( const __m128i *)&xmmword_41B160); 
v318 = _mm_load_si128( ( const __m128i *)&xmmword_41B170); 
v319 = _mm_load_si128( ( const __m128i *)&xmmword_41B180); 
v320 = _mm_load_si128( ( const __m128i *)&xmmword_41B190); 
v321 = _mm_load_si128( ( const __m128i *)&xmmword_41B1A0); 
v322 = _mm_load_si128( ( const __m128i *)&xmmword_41B1B0); 
v323 = _mm_load_si128( ( const __m128i *)&xmmword_41B1C0); 
v324 = _mm_load_si128( ( const __m128i *)&xmmword_41B1D0); 
si128 = _mm_load_si128( ( const __m128i *)&xmmword_41B150); 
v326 = _mm_load_si128( ( const __m128i *)&xmmword_41B160); 
v327 = _mm_load_si128( ( const __m128i *)&xmmword_41B170); 
*( _OWORD *)&v306[v308] = *( _OWORD *)( ( char *)&save_zvec 
*( _OWORD *)&v306[v308] = *( _OWORD *)( ( char *)&save_zvec 
*( _OWORD *)&v306[v308 - 16] = *( _OWORD *)( ( char *)&save_zvec 
*( _OWORD *)&v306[v308 - 16] = *( _OWORD *)( ( char *)&save_zvec 
*( _OWORD *)&v306[v308 - 32] = *( _OWORD *)( ( char *)&save_zvec 
*( _OWORD *)&v306[v308 - 32] = *( _OWORD *)( ( char *)&save_zvec 
v406 = _mm_load_si128( ( const __m128i *)&xmmword_41B1F0); 
v412 = _mm_load_si128( ( const __m128i *)&xmmword_41B1E0); 
v406 = _mm_load_si128( ( const __m128i *)&xmmword_41B1F0); 
v528 = *( _OWORD *)&s->unzftab[4]; 
v529 = *( _OWORD *)&s->unzftab[8]; 
v530 = *( _OWORD *)&s->unzftab[12]; 
*( _OWORD *)&s->cftab[1] = *( _OWORD *)s->unzftab; 
*( _OWORD *)&s->cftab[1] = *( _OWORD *)s->unzftab; 
*( _OWORD *)&s->cftab[5] = v528; 
*( _OWORD *)&s->cftab[9] = v529; 
*( _OWORD *)&s->cftab[13] = v530; 
*( _OWORD *)&s->cftab[17] = *( _OWORD *)&s->unzftab[16]; 
*( _OWORD *)&s->cftab[17] = *( _OWORD *)&s->unzftab[16]; 
*( _OWORD *)&s->cftab[21] = *( _OWORD *)&s->unzftab[20]; 
*( _OWORD *)&s->cftab[21] = *( _OWORD *)&s->unzftab[20]; 
*( _OWORD *)&s->cftab[25] = *( _OWORD *)&s->unzftab[24]; 
*( _OWORD *)&s->cftab[25] = *( _OWORD *)&s->unzftab[24]; 
*( _OWORD *)&s->cftab[29] = *( _OWORD *)&s->unzftab[28]; 
*( _OWORD *)&s->cftab[29] = *( _OWORD *)&s->unzftab[28]; 
*( _OWORD *)&s->cftab[33] = *( _OWORD *)&s->unzftab[32]; 
*( _OWORD *)&s->cftab[33] = *( _OWORD *)&s->unzftab[32]; 
*( _OWORD *)&s->cftab[37] = *( _OWORD *)&s->unzftab[36]; 
*( _OWORD *)&s->cftab[37] = *( _OWORD *)&s->unzftab[36]; 
*( _OWORD *)&s->cftab[53] = *( _OWORD *)&s->unzftab[52]; 
*( _OWORD *)&s->cftab[53] = *( _OWORD *)&s->unzftab[52]; 
*( _OWORD *)&s->cftab[57] = *( _OWORD *)&s->unzftab[56]; 
*( _OWORD *)&s->cftab[57] = *( _OWORD *)&s->unzftab[56]; 
*( _OWORD *)&s->cftab[61] = *( _OWORD *)&s->unzftab[60]; 
*( _OWORD *)&s->cftab[61] = *( _OWORD *)&s->unzftab[60]; 
*( _OWORD *)&s->cftab[65] = *( _OWORD *)&s->unzftab[64]; 
*( _OWORD *)&s->cftab[65] = *( _OWORD *)&s->unzftab[64]; 
*( _OWORD *)&s->cftab[69] = *( _OWORD *)&s->unzftab[68]; 
*( _OWORD *)&s->cftab[69] = *( _OWORD *)&s->unzftab[68]; 
*( _OWORD *)&s->cftab[73] = *( _OWORD *)&s->unzftab[72]; 
*( _OWORD *)&s->cftab[73] = *( _OWORD *)&s->unzftab[72]; 
*( _OWORD *)&s->cftab[77] = *( _OWORD *)&s->unzftab[76]; 
*( _OWORD *)&s->cftab[77] = *( _OWORD *)&s->unzftab[76]; 
*( _OWORD *)&s->cftab[81] = *( _OWORD *)&s->unzftab[80]; 
*( _OWORD *)&s->cftab[81] = *( _OWORD *)&s->unzftab[80]; 
*( _OWORD *)&s->cftab[85] = *( _OWORD *)&s->unzftab[84]; 
*( _OWORD *)&s->cftab[85] = *( _OWORD *)&s->unzftab[84]; 
*( _OWORD *)&s->cftab[89] = *( _OWORD *)&s->unzftab[88]; 
*( _OWORD *)&s->cftab[89] = *( _OWORD *)&s->unzftab[88]; 
*( _OWORD *)&s->cftab[93] = *( _OWORD *)&s->unzftab[92]; 
*( _OWORD *)&s->cftab[93] = *( _OWORD *)&s->unzftab[92]; 
*( _OWORD *)&s->cftab[97] = *( _OWORD *)&s->unzftab[96]; 
*( _OWORD *)&s->cftab[97] = *( _OWORD *)&s->unzftab[96]; 
*( _OWORD *)&s->cftab[101] = *( _OWORD *)&s->unzftab[100]; 
*( _OWORD *)&s->cftab[101] = *( _OWORD *)&s->unzftab[100]; 
*( _OWORD *)&s->cftab[105] = *( _OWORD *)&s->unzftab[104]; 
*( _OWORD *)&s->cftab[105] = *( _OWORD *)&s->unzftab[104]; 
*( _OWORD *)&s->cftab[109] = *( _OWORD *)&s->unzftab[108]; 
*( _OWORD *)&s->cftab[109] = *( _OWORD *)&s->unzftab[108]; 
*( _OWORD *)&s->cftab[113] = *( _OWORD *)&s->unzftab[112]; 
*( _OWORD *)&s->cftab[113] = *( _OWORD *)&s->unzftab[112]; 
*( _OWORD *)&s->cftab[117] = *( _OWORD *)&s->unzftab[116]; 
*( _OWORD *)&s->cftab[117] = *( _OWORD *)&s->unzftab[116]; 
*( _OWORD *)&s->cftab[121] = *( _OWORD *)&s->unzftab[120]; 
*( _OWORD *)&s->cftab[121] = *( _OWORD *)&s->unzftab[120]; 
*( _OWORD *)&s->cftab[125] = *( _OWORD *)&s->unzftab[124]; 
*( _OWORD *)&s->cftab[125] = *( _OWORD *)&s->unzftab[124]; 
*( _OWORD *)&s->cftab[129] = *( _OWORD *)&s->unzftab[128]; 
*( _OWORD *)&s->cftab[129] = *( _OWORD *)&s->unzftab[128]; 
*( _OWORD *)&s->cftab[133] = *( _OWORD *)&s->unzftab[132]; 
*( _OWORD *)&s->cftab[133] = *( _OWORD *)&s->unzftab[132]; 
*( _OWORD *)&s->cftab[137] = *( _OWORD *)&s->unzftab[136]; 
*( _OWORD *)&s->cftab[137] = *( _OWORD *)&s->unzftab[136]; 
*( _OWORD *)&s->cftab[141] = *( _OWORD *)&s->unzftab[140]; 
*( _OWORD *)&s->cftab[141] = *( _OWORD *)&s->unzftab[140]; 
*( _OWORD *)&s->cftab[145] = *( _OWORD *)&s->unzftab[144]; 
*( _OWORD *)&s->cftab[145] = *( _OWORD *)&s->unzftab[144]; 
*( _OWORD *)&s->cftab[149] = *( _OWORD *)&s->unzftab[148]; 
*( _OWORD *)&s->cftab[149] = *( _OWORD *)&s->unzftab[148]; 
*( _OWORD *)&s->cftab[153] = *( _OWORD *)&s->unzftab[152]; 
*( _OWORD *)&s->cftab[153] = *( _OWORD *)&s->unzftab[152]; 
*( _OWORD *)&s->cftab[157] = *( _OWORD *)&s->unzftab[156]; 
*( _OWORD *)&s->cftab[157] = *( _OWORD *)&s->unzftab[156]; 
*( _OWORD *)&s->cftab[161] = *( _OWORD *)&s->unzftab[160]; 
*( _OWORD *)&s->cftab[161] = *( _OWORD *)&s->unzftab[160]; 
*( _OWORD *)&s->cftab[165] = *( _OWORD *)&s->unzftab[164]; 
*( _OWORD *)&s->cftab[165] = *( _OWORD *)&s->unzftab[164]; 
*( _OWORD *)&s->cftab[169] = *( _OWORD *)&s->unzftab[168]; 
*( _OWORD *)&s->cftab[169] = *( _OWORD *)&s->unzftab[168]; 
*( _OWORD *)&s->cftab[173] = *( _OWORD *)&s->unzftab[172]; 
*( _OWORD *)&s->cftab[173] = *( _OWORD *)&s->unzftab[172]; 
*( _OWORD *)&s->cftab[177] = *( _OWORD *)&s->unzftab[176]; 
*( _OWORD *)&s->cftab[177] = *( _OWORD *)&s->unzftab[176]; 
*( _OWORD *)&s->cftab[181] = *( _OWORD *)&s->unzftab[180]; 
*( _OWORD *)&s->cftab[181] = *( _OWORD *)&s->unzftab[180]; 
*( _OWORD *)&s->cftab[185] = *( _OWORD *)&s->unzftab[184]; 
*( _OWORD *)&s->cftab[185] = *( _OWORD *)&s->unzftab[184]; 
*( _OWORD *)&s->cftab[189] = *( _OWORD *)&s->unzftab[188]; 
*( _OWORD *)&s->cftab[189] = *( _OWORD *)&s->unzftab[188]; 
*( _OWORD *)&s->cftab[193] = *( _OWORD *)&s->unzftab[192]; 
*( _OWORD *)&s->cftab[193] = *( _OWORD *)&s->unzftab[192]; 
*( _OWORD *)&s->cftab[197] = *( _OWORD *)&s->unzftab[196]; 
*( _OWORD *)&s->cftab[197] = *( _OWORD *)&s->unzftab[196]; 
*( _OWORD *)&s->cftab[201] = *( _OWORD *)&s->unzftab[200]; 
*( _OWORD *)&s->cftab[201] = *( _OWORD *)&s->unzftab[200]; 
*( _OWORD *)&s->cftab[205] = *( _OWORD *)&s->unzftab[204]; 
*( _OWORD *)&s->cftab[205] = *( _OWORD *)&s->unzftab[204]; 
*( _OWORD *)&s->cftab[209] = *( _OWORD *)&s->unzftab[208]; 
*( _OWORD *)&s->cftab[209] = *( _OWORD *)&s->unzftab[208]; 
*( _OWORD *)&s->cftab[213] = *( _OWORD *)&s->unzftab[212]; 
*( _OWORD *)&s->cftab[213] = *( _OWORD *)&s->unzftab[212]; 
*( _OWORD *)&s->cftab[217] = *( _OWORD *)&s->unzftab[216]; 
*( _OWORD *)&s->cftab[217] = *( _OWORD *)&s->unzftab[216]; 
*( _OWORD *)&s->cftab[221] = *( _OWORD *)&s->unzftab[220]; 
*( _OWORD *)&s->cftab[221] = *( _OWORD *)&s->unzftab[220]; 
*( _OWORD *)&s->cftab[225] = *( _OWORD *)&s->unzftab[224]; 
*( _OWORD *)&s->cftab[225] = *( _OWORD *)&s->unzftab[224]; 
*( _OWORD *)&s->cftab[229] = *( _OWORD *)&s->unzftab[228]; 
*( _OWORD *)&s->cftab[229] = *( _OWORD *)&s->unzftab[228]; 
*( _OWORD *)&s->cftab[233] = *( _OWORD *)&s->unzftab[232]; 
*( _OWORD *)&s->cftab[233] = *( _OWORD *)&s->unzftab[232]; 
*( _OWORD *)&s->cftab[237] = *( _OWORD *)&s->unzftab[236]; 
*( _OWORD *)&s->cftab[237] = *( _OWORD *)&s->unzftab[236]; 
*( _OWORD *)&s->cftab[241] = *( _OWORD *)&s->unzftab[240]; 
*( _OWORD *)&s->cftab[241] = *( _OWORD *)&s->unzftab[240]; 
*( _OWORD *)&s->cftab[245] = *( _OWORD *)&s->unzftab[244]; 
*( _OWORD *)&s->cftab[245] = *( _OWORD *)&s->unzftab[244]; 
*( _OWORD *)&s->cftab[249] = *( _OWORD *)&s->unzftab[248]; 
*( _OWORD *)&s->cftab[249] = *( _OWORD *)&s->unzftab[248]; 
v555 = *( _OWORD *)&s->cftab[4]; 
v556 = *( _OWORD *)&s->cftab[8]; 
v557 = *( _OWORD *)&s->cftab[12]; 
*( _OWORD *)s->cftabCopy = *( _OWORD *)s->cftab; 
*( _OWORD *)&s->cftabCopy[4] = v555; 
*( _OWORD *)&s->cftabCopy[8] = v556; 
*( _OWORD *)&s->cftabCopy[12] = v557; 
*( _OWORD *)&s->cftabCopy[16] = *( _OWORD *)&s->cftab[16]; 
*( _OWORD *)&s->cftabCopy[16] = *( _OWORD *)&s->cftab[16]; 
*( _OWORD *)&s->cftabCopy[20] = *( _OWORD *)&s->cftab[20]; 
*( _OWORD *)&s->cftabCopy[20] = *( _OWORD *)&s->cftab[20]; 
*( _OWORD *)&s->cftabCopy[24] = *( _OWORD *)&s->cftab[24]; 
*( _OWORD *)&s->cftabCopy[24] = *( _OWORD *)&s->cftab[24]; 
*( _OWORD *)&s->cftabCopy[28] = *( _OWORD *)&s->cftab[28]; 
*( _OWORD *)&s->cftabCopy[28] = *( _OWORD *)&s->cftab[28]; 
*( _OWORD *)&s->cftabCopy[32] = *( _OWORD *)&s->cftab[32]; 
*( _OWORD *)&s->cftabCopy[32] = *( _OWORD *)&s->cftab[32]; 
*( _OWORD *)&s->cftabCopy[36] = *( _OWORD *)&s->cftab[36]; 
*( _OWORD *)&s->cftabCopy[36] = *( _OWORD *)&s->cftab[36]; 
v558 = *( _OWORD *)&s->cftab[44]; 
v559 = *( _OWORD *)&s->cftab[48]; 
v560 = *( _OWORD *)&s->cftab[52]; 
*( _OWORD *)&s->cftabCopy[40] = *( _OWORD *)&s->cftab[40]; 
*( _OWORD *)&s->cftabCopy[40] = *( _OWORD *)&s->cftab[40]; 
*( _OWORD *)&s->cftabCopy[44] = v558; 
*( _OWORD *)&s->cftabCopy[48] = v559; 
*( _OWORD *)&s->cftabCopy[52] = v560; 
*( _OWORD *)&s->cftabCopy[56] = *( _OWORD *)&s->cftab[56]; 
*( _OWORD *)&s->cftabCopy[56] = *( _OWORD *)&s->cftab[56]; 
*( _OWORD *)&s->cftabCopy[60] = *( _OWORD *)&s->cftab[60]; 
*( _OWORD *)&s->cftabCopy[60] = *( _OWORD *)&s->cftab[60]; 
*( _OWORD *)&s->cftabCopy[64] = *( _OWORD *)&s->cftab[64]; 
*( _OWORD *)&s->cftabCopy[64] = *( _OWORD *)&s->cftab[64]; 
*( _OWORD *)&s->cftabCopy[68] = *( _OWORD *)&s->cftab[68]; 
*( _OWORD *)&s->cftabCopy[68] = *( _OWORD *)&s->cftab[68]; 
*( _OWORD *)&s->cftabCopy[72] = *( _OWORD *)&s->cftab[72]; 
*( _OWORD *)&s->cftabCopy[72] = *( _OWORD *)&s->cftab[72]; 
*( _OWORD *)&s->cftabCopy[76] = *( _OWORD *)&s->cftab[76]; 
*( _OWORD *)&s->cftabCopy[76] = *( _OWORD *)&s->cftab[76]; 
*( _OWORD *)&s->cftabCopy[92] = *( _OWORD *)&s->cftab[92]; 
*( _OWORD *)&s->cftabCopy[92] = *( _OWORD *)&s->cftab[92]; 
*( _OWORD *)&s->cftabCopy[96] = *( _OWORD *)&s->cftab[96]; 
*( _OWORD *)&s->cftabCopy[96] = *( _OWORD *)&s->cftab[96]; 
*( _OWORD *)&s->cftabCopy[100] = *( _OWORD *)&s->cftab[100]; 
*( _OWORD *)&s->cftabCopy[100] = *( _OWORD *)&s->cftab[100]; 
*( _OWORD *)&s->cftabCopy[104] = *( _OWORD *)&s->cftab[104]; 
*( _OWORD *)&s->cftabCopy[104] = *( _OWORD *)&s->cftab[104]; 
*( _OWORD *)&s->cftabCopy[108] = *( _OWORD *)&s->cftab[108]; 
*( _OWORD *)&s->cftabCopy[108] = *( _OWORD *)&s->cftab[108]; 
*( _OWORD *)&s->cftabCopy[112] = *( _OWORD *)&s->cftab[112]; 
*( _OWORD *)&s->cftabCopy[112] = *( _OWORD *)&s->cftab[112]; 
*( _OWORD *)&s->cftabCopy[116] = *( _OWORD *)&s->cftab[116]; 
*( _OWORD *)&s->cftabCopy[116] = *( _OWORD *)&s->cftab[116]; 
*( _OWORD *)&s->cftabCopy[120] = *( _OWORD *)&s->cftab[120]; 
*( _OWORD *)&s->cftabCopy[120] = *( _OWORD *)&s->cftab[120]; 
*( _OWORD *)&s->cftabCopy[124] = *( _OWORD *)&s->cftab[124]; 
*( _OWORD *)&s->cftabCopy[124] = *( _OWORD *)&s->cftab[124]; 
*( _OWORD *)&s->cftabCopy[128] = *( _OWORD *)&s->cftab[128]; 
*( _OWORD *)&s->cftabCopy[128] = *( _OWORD *)&s->cftab[128]; 
*( _OWORD *)&s->cftabCopy[132] = *( _OWORD *)&s->cftab[132]; 
*( _OWORD *)&s->cftabCopy[132] = *( _OWORD *)&s->cftab[132]; 
*( _OWORD *)&s->cftabCopy[136] = *( _OWORD *)&s->cftab[136]; 
*( _OWORD *)&s->cftabCopy[136] = *( _OWORD *)&s->cftab[136]; 
*( _OWORD *)&s->cftabCopy[140] = *( _OWORD *)&s->cftab[140]; 
*( _OWORD *)&s->cftabCopy[140] = *( _OWORD *)&s->cftab[140]; 
*( _OWORD *)&s->cftabCopy[144] = *( _OWORD *)&s->cftab[144]; 
*( _OWORD *)&s->cftabCopy[144] = *( _OWORD *)&s->cftab[144]; 
*( _OWORD *)&s->cftabCopy[148] = *( _OWORD *)&s->cftab[148]; 
*( _OWORD *)&s->cftabCopy[148] = *( _OWORD *)&s->cftab[148]; 
*( _OWORD *)&s->cftabCopy[152] = *( _OWORD *)&s->cftab[152]; 
*( _OWORD *)&s->cftabCopy[152] = *( _OWORD *)&s->cftab[152]; 
*( _OWORD *)&s->cftabCopy[156] = *( _OWORD *)&s->cftab[156]; 
*( _OWORD *)&s->cftabCopy[156] = *( _OWORD *)&s->cftab[156]; 
*( _OWORD *)&s->cftabCopy[160] = *( _OWORD *)&s->cftab[160]; 
*( _OWORD *)&s->cftabCopy[160] = *( _OWORD *)&s->cftab[160]; 
*( _OWORD *)&s->cftabCopy[164] = *( _OWORD *)&s->cftab[164]; 
*( _OWORD *)&s->cftabCopy[164] = *( _OWORD *)&s->cftab[164]; 
*( _OWORD *)&s->cftabCopy[168] = *( _OWORD *)&s->cftab[168]; 
*( _OWORD *)&s->cftabCopy[168] = *( _OWORD *)&s->cftab[168]; 
*( _OWORD *)&s->cftabCopy[172] = *( _OWORD *)&s->cftab[172]; 
*( _OWORD *)&s->cftabCopy[172] = *( _OWORD *)&s->cftab[172]; 
*( _OWORD *)&s->cftabCopy[176] = *( _OWORD *)&s->cftab[176]; 
*( _OWORD *)&s->cftabCopy[176] = *( _OWORD *)&s->cftab[176]; 
*( _OWORD *)&s->cftabCopy[180] = *( _OWORD *)&s->cftab[180]; 
*( _OWORD *)&s->cftabCopy[180] = *( _OWORD *)&s->cftab[180]; 
*( _OWORD *)&s->cftabCopy[184] = *( _OWORD *)&s->cftab[184]; 
*( _OWORD *)&s->cftabCopy[184] = *( _OWORD *)&s->cftab[184]; 
*( _OWORD *)&s->cftabCopy[188] = *( _OWORD *)&s->cftab[188]; 
*( _OWORD *)&s->cftabCopy[188] = *( _OWORD *)&s->cftab[188]; 
*( _OWORD *)&s->cftabCopy[192] = *( _OWORD *)&s->cftab[192]; 
*( _OWORD *)&s->cftabCopy[192] = *( _OWORD *)&s->cftab[192]; 
*( _OWORD *)&s->cftabCopy[196] = *( _OWORD *)&s->cftab[196]; 
*( _OWORD *)&s->cftabCopy[196] = *( _OWORD *)&s->cftab[196]; 
*( _OWORD *)&s->cftabCopy[200] = *( _OWORD *)&s->cftab[200]; 
*( _OWORD *)&s->cftabCopy[200] = *( _OWORD *)&s->cftab[200]; 
*( _OWORD *)&s->cftabCopy[204] = *( _OWORD *)&s->cftab[204]; 
*( _OWORD *)&s->cftabCopy[204] = *( _OWORD *)&s->cftab[204]; 
*( _OWORD *)&s->cftabCopy[208] = *( _OWORD *)&s->cftab[208]; 
*( _OWORD *)&s->cftabCopy[208] = *( _OWORD *)&s->cftab[208]; 
*( _OWORD *)&s->cftabCopy[212] = *( _OWORD *)&s->cftab[212]; 
*( _OWORD *)&s->cftabCopy[212] = *( _OWORD *)&s->cftab[212]; 
*( _OWORD *)&s->cftabCopy[216] = *( _OWORD *)&s->cftab[216]; 
*( _OWORD *)&s->cftabCopy[216] = *( _OWORD *)&s->cftab[216]; 
*( _OWORD *)&s->cftabCopy[220] = *( _OWORD *)&s->cftab[220]; 
*( _OWORD *)&s->cftabCopy[220] = *( _OWORD *)&s->cftab[220]; 
*( _OWORD *)&s->cftabCopy[224] = *( _OWORD *)&s->cftab[224]; 
*( _OWORD *)&s->cftabCopy[224] = *( _OWORD *)&s->cftab[224]; 
*( _OWORD *)&s->cftabCopy[228] = *( _OWORD *)&s->cftab[228]; 
*( _OWORD *)&s->cftabCopy[228] = *( _OWORD *)&s->cftab[228]; 
*( _OWORD *)&s->cftabCopy[232] = *( _OWORD *)&s->cftab[232]; 
*( _OWORD *)&s->cftabCopy[232] = *( _OWORD *)&s->cftab[232]; 
*( _OWORD *)&s->cftabCopy[236] = *( _OWORD *)&s->cftab[236]; 
*( _OWORD *)&s->cftabCopy[236] = *( _OWORD *)&s->cftab[236]; 
*( _OWORD *)&s->cftabCopy[240] = *( _OWORD *)&s->cftab[240]; 
*( _OWORD *)&s->cftabCopy[240] = *( _OWORD *)&s->cftab[240]; 
*( _OWORD *)&s->cftabCopy[244] = *( _OWORD *)&s->cftab[244]; 
*( _OWORD *)&s->cftabCopy[244] = *( _OWORD *)&s->cftab[244]; 
*( _OWORD *)&s->cftabCopy[248] = *( _OWORD *)&s->cftab[248]; 
*( _OWORD *)&s->cftabCopy[248] = *( _OWORD *)&s->cftab[248]; 
*( _OWORD *)&s->seqToUnseq[( unsigned int)( v484 + v550) + 241] = *( _OWORD *)&s->seqToUnseq[( unsigned int)( v485 + v550) + 241]; 
*( _OWORD *)&s->seqToUnseq[( unsigned int)( v484 + v550) + 241] = *( _OWORD *)&s->seqToUnseq[( unsigned int)( v485 + v550) + 241]; 
*( _OWORD *)&s->seqToUnseq[( unsigned int)( v699 + v550) + 241] = *( _OWORD *)&s->seqToUnseq[( unsigned int)v481 + 224 + v477 + ( unsigned int)v550]; 
*( _OWORD *)&s->seqToUnseq[( unsigned int)( v699 + v550) + 241] = *( _OWORD *)&s->seqToUnseq[( unsigned int)v481 + 224 + v477 + ( unsigned int)v550]; 
*( _OWORD *)&s->seqToUnseq[( unsigned int)( save_zvec + v550) + 241] = *( _OWORD *)&s->seqToUnseq[( unsigned int)v481 + 208 + v477 + ( unsigned int)v550]; 
*( _OWORD *)&s->seqToUnseq[( unsigned int)( save_zvec + v550) + 241] = *( _OWORD *)&s->seqToUnseq[( unsigned int)v481 + 208 + v477 + ( unsigned int)v550]; 
*( _OWORD *)( base + 19) = 0LL; 
*( ( _OWORD *)base + 4) = 0LL; 
*( ( _OWORD *)base + 3) = 0LL; 
*( ( _OWORD *)base + 2) = 0LL; 
*( ( _OWORD *)base + 1) = 0LL; 
*( _OWORD *)base = 0LL; 
*( _OWORD *)( base + 19) = 0LL; 
*( ( _OWORD *)base + 4) = 0LL; 
*( ( _OWORD *)base + 3) = 0LL; 
*( ( _OWORD *)base + 2) = 0LL; 
*( ( _OWORD *)base + 1) = 0LL; 
*( _OWORD *)base = 0LL; 
*( _OWORD *)( limit + 19) = 0LL; 
*( ( _OWORD *)limit + 4) = 0LL; 
*( ( _OWORD *)limit + 3) = 0LL; 
*( ( _OWORD *)limit + 2) = 0LL; 
*( ( _OWORD *)limit + 1) = 0LL; 
*( _OWORD *)limit = 0LL; 
si128 = _mm_load_si128( ( const __m128i *)&xmmword_41B4D0); 
si128 = _mm_load_si128( ( const __m128i *)&xmmword_41B4B0); 
v12 = _mm_load_si128( ( const __m128i *)&xmmword_41B4B0); 
v32 = _mm_load_si128( ( const __m128i *)&xmmword_41B4C0); 
v33 = _mm_load_si128( ( const __m128i *)&xmmword_41B4B0); 
fwrite( &unk_419AD7, 0xF0uLL, 1uLL, stderr); 
fwrite( &unk_419AD7, 0xF0uLL, 1uLL, stderr); 
v102 = *( _OWORD *)&v98[v101 - 12]; 
v103 = *( _OWORD *)&v98[v101 - 8]; 
v104 = *( _OWORD *)&v99[v101 - 8]; 
*( _OWORD *)&v98[v101 - 12] = *( _OWORD *)&v99[v101 - 12]; 
*( _OWORD *)&v98[v101 - 12] = *( _OWORD *)&v99[v101 - 12]; 
*( _OWORD *)&v98[v101 - 8] = v104; 
*( _OWORD *)&v99[v101 - 12] = v102; 
*( _OWORD *)&v99[v101 - 8] = v103; 
v105 = *( _OWORD *)&v98[v101 - 4]; 
v106 = *( _OWORD *)&v98[v101]; 
v107 = *( _OWORD *)&v99[v101]; 
*( _OWORD *)&v98[v101 - 4] = *( _OWORD *)&v99[v101 - 4]; 
*( _OWORD *)&v98[v101 - 4] = *( _OWORD *)&v99[v101 - 4]; 
*( _OWORD *)&v98[v101] = v107; 
*( _OWORD *)&v99[v101 - 4] = v105; 
*( _OWORD *)&v99[v101] = v106; 
v111 = *( _OWORD *)&fmap[v109]; 
v112 = *( _OWORD *)&fmap[v109 + 4]; 
v113 = *( _OWORD *)&fmap[v110 + 4]; 
*( _OWORD *)&fmap[v109] = *( _OWORD *)&fmap[v110]; 
*( _OWORD *)&fmap[v109] = *( _OWORD *)&fmap[v110]; 
*( _OWORD *)&fmap[v109 + 4] = v113; 
*( _OWORD *)&fmap[v110] = v111; 
*( _OWORD *)&fmap[v110 + 4] = v112; 
v130 = *( _OWORD *)&v126[v129 - 12]; 
v131 = *( _OWORD *)&v126[v129 - 8]; 
v132 = *( _OWORD *)&v127[v129 - 8]; 
*( _OWORD *)&v126[v129 - 12] = *( _OWORD *)&v127[v129 - 12]; 
*( _OWORD *)&v126[v129 - 12] = *( _OWORD *)&v127[v129 - 12]; 
*( _OWORD *)&v126[v129 - 8] = v132; 
*( _OWORD *)&v127[v129 - 12] = v130; 
*( _OWORD *)&v127[v129 - 8] = v131; 
v133 = *( _OWORD *)&v126[v129 - 4]; 
v134 = *( _OWORD *)&v126[v129]; 
v135 = *( _OWORD *)&v127[v129]; 
*( _OWORD *)&v126[v129 - 4] = *( _OWORD *)&v127[v129 - 4]; 
*( _OWORD *)&v126[v129 - 4] = *( _OWORD *)&v127[v129 - 4]; 
*( _OWORD *)&v126[v129] = v135; 
*( _OWORD *)&v127[v129 - 4] = v133; 
*( _OWORD *)&v127[v129] = v134; 
v138 = *( _OWORD *)&fmap[v136]; 
v139 = *( _OWORD *)&fmap[v136 + 4]; 
v140 = *( _OWORD *)&fmap[v137 + 5]; 
*( _OWORD *)&fmap[v136] = *( _OWORD *)&fmap[v137 + 1]; 
*( _OWORD *)&fmap[v136] = *( _OWORD *)&fmap[v137 + 1]; 
*( _OWORD *)&fmap[v136 + 4] = v140; 
*( _OWORD *)&fmap[v137 + 1] = v138; 
*( _OWORD *)&fmap[v137 + 5] = v139; 
*( _OWORD *)&state->inUse[16] = 0LL; 
*( _OWORD *)&state->inUse[32] = 0LL; 
*( _OWORD *)&state->inUse[48] = 0LL; 
*( _OWORD *)&state->inUse[64] = 0LL; 
*( _OWORD *)&state->inUse[80] = 0LL; 
*( _OWORD *)&state->inUse[96] = 0LL; 
*( _OWORD *)&state->inUse[112] = 0LL; 
*( _OWORD *)&state->inUse[128] = 0LL; 
*( _OWORD *)&state->inUse[144] = 0LL; 
*( _OWORD *)&state->inUse[160] = 0LL; 
*( _OWORD *)&state->inUse[176] = 0LL; 
*( _OWORD *)&state->inUse[192] = 0LL; 
*( _OWORD *)&state->inUse[208] = 0LL; 
*( _OWORD *)&state->inUse[224] = 0LL; 
*( _OWORD *)&state->inUse[240] = 0LL; 
*( _OWORD *)state->inUse = 0LL; 
  __m64 __b, __c;
  __m64 __b, __c;
  __b = _mm_setzero_si64();
  __b = _mm_cmpgt_pi16(__b, __a);
  __b = _mm_cmpgt_pi16(__b, __a);
  __c = _mm_unpackhi_pi16(__a, __b);
  __c = _mm_unpackhi_pi16(__a, __b);
  __r = _mm_cvtpi32_ps(__r, __c);
  __c = _mm_unpacklo_pi16(__a, __b);
  __c = _mm_unpacklo_pi16(__a, __b);
  __r = _mm_cvtpi32_ps(__r, __c);
  __m64 __b, __c;
  __m64 __b, __c;
  __b = _mm_setzero_si64();
  __c = _mm_unpackhi_pi16(__a, __b);
  __c = _mm_unpackhi_pi16(__a, __b);
  __r = _mm_cvtpi32_ps(__r, __c);
  __c = _mm_unpacklo_pi16(__a, __b);
  __c = _mm_unpacklo_pi16(__a, __b);
  __r = _mm_cvtpi32_ps(__r, __c);
  __m64 __b;
  __b = _mm_setzero_si64();
  __b = _mm_cmpgt_pi8(__b, __a);
  __b = _mm_cmpgt_pi8(__b, __a);
  __b = _mm_unpacklo_pi8(__a, __b);
  __b = _mm_unpacklo_pi8(__a, __b);
  return _mm_cvtpi16_ps(__b);
  __m64 __b;
  __b = _mm_setzero_si64();
  __b = _mm_unpacklo_pi8(__a, __b);
  __b = _mm_unpacklo_pi8(__a, __b);
  return _mm_cvtpi16_ps(__b);
si128 = _mm_load_si128( ( const __m128i *)&xmmword_41B1F0); 
v279 = _mm_load_si128( ( const __m128i *)&xmmword_41B1E0); 
si128 = _mm_load_si128( ( const __m128i *)&xmmword_41B1F0); 
*( _OWORD *)v5 = 0LL; 
v22 = *( _OWORD *)&v15[v20 + 16]; 
*( _OWORD *)&unused[v20] = *( _OWORD *)&v15[v20]; 
*( _OWORD *)&unused[v20] = *( _OWORD *)&v15[v20]; 
*( _OWORD *)&unused[v20 + 16] = v22; 
v23 = *( _OWORD *)&v15[v20 + 48]; 
*( _OWORD *)&unused[v20 + 32] = *( _OWORD *)&v15[v20 + 32]; 
*( _OWORD *)&unused[v20 + 32] = *( _OWORD *)&v15[v20 + 32]; 
*( _OWORD *)&unused[v20 + 48] = v23; 
v24 = *( _OWORD *)&v15[v20 + 80]; 
*( _OWORD *)&unused[v20 + 64] = *( _OWORD *)&v15[v20 + 64]; 
*( _OWORD *)&unused[v20 + 64] = *( _OWORD *)&v15[v20 + 64]; 
*( _OWORD *)&unused[v20 + 80] = v24; 
v25 = *( _OWORD *)&v15[v20 + 112]; 
*( _OWORD *)&unused[v20 + 96] = *( _OWORD *)&v15[v20 + 96]; 
*( _OWORD *)&unused[v20 + 96] = *( _OWORD *)&v15[v20 + 96]; 
*( _OWORD *)&unused[v20 + 112] = v25; 
v28 = *( _OWORD *)&v15[v26]; 
*( _OWORD *)( ( char *)&stat_buf.__glibc_reserved[1] + v26) = *( _OWORD *)&v15[v26 - 16]; 
*( _OWORD *)( ( char *)&stat_buf.__glibc_reserved[1] + v26) = *( _OWORD *)&v15[v26 - 16]; 
*( _OWORD *)&unused[v26] = v28; 
v36 = *( _OWORD *)&v30[v34 + 16]; 
*( _OWORD *)&unused[v34] = *( _OWORD *)&v30[v34]; 
*( _OWORD *)&unused[v34] = *( _OWORD *)&v30[v34]; 
*( _OWORD *)&unused[v34 + 16] = v36; 
v37 = *( _OWORD *)&v30[v34 + 48]; 
*( _OWORD *)&unused[v34 + 32] = *( _OWORD *)&v30[v34 + 32]; 
*( _OWORD *)&unused[v34 + 32] = *( _OWORD *)&v30[v34 + 32]; 
*( _OWORD *)&unused[v34 + 48] = v37; 
v38 = *( _OWORD *)&v30[v34 + 80]; 
*( _OWORD *)&unused[v34 + 64] = *( _OWORD *)&v30[v34 + 64]; 
*( _OWORD *)&unused[v34 + 64] = *( _OWORD *)&v30[v34 + 64]; 
*( _OWORD *)&unused[v34 + 80] = v38; 
v39 = *( _OWORD *)&v30[v34 + 112]; 
*( _OWORD *)&unused[v34 + 96] = *( _OWORD *)&v30[v34 + 96]; 
*( _OWORD *)&unused[v34 + 96] = *( _OWORD *)&v30[v34 + 96]; 
*( _OWORD *)&unused[v34 + 112] = v39; 
v42 = *( _OWORD *)&v30[v40]; 
*( _OWORD *)( ( char *)&stat_buf.__glibc_reserved[1] + v40) = *( _OWORD *)&v30[v40 - 16]; 
*( _OWORD *)( ( char *)&stat_buf.__glibc_reserved[1] + v40) = *( _OWORD *)&v30[v40 - 16]; 
*( _OWORD *)&unused[v40] = v42; 
